{"lstm.weight_ih_l0": [[-0.009628478437662125, 0.6294661164283752], [-0.054171379655599594, 0.20081619918346405], [0.08445385098457336, 0.10908500850200653], [-0.04383529722690582, 0.22683879733085632], [0.06644966453313828, 0.23020845651626587], [-0.004328171722590923, -0.08481340110301971], [-0.0025783306919038296, 0.5767203569412231], [0.020181972533464432, 1.4574776887893677], [-0.036358654499053955, -0.037815023213624954], [-0.09814242273569107, -0.004622303415089846], [0.13786812126636505, -0.04105794429779053], [0.013955253176391125, 0.02419934794306755], [0.004085708875209093, 0.03736046329140663], [-0.008421970531344414, -0.12430878728628159], [0.008747521787881851, -0.22384759783744812], [0.0036809155717492104, -0.09629897773265839], [-1.0113415718078613, 0.003337019821628928], [0.05208733305335045, -0.47317197918891907], [0.08490394055843353, 0.3803103566169739], [-0.5546022653579712, 0.6969377994537354], [0.6934458613395691, 0.7406991720199585], [0.3600073754787445, 0.06122520565986633], [2.6183464527130127, 0.048210836946964264], [-4.417237281799316, 0.04160068556666374], [-0.011545201763510704, 0.6622944474220276], [-0.12349334359169006, 0.1321479082107544], [0.17138996720314026, 0.06529270112514496], [0.013069755397737026, 0.37716180086135864], [0.01569896936416626, 0.36058637499809265], [-0.017818717285990715, -0.14091898500919342], [0.000883466680534184, 0.6436051726341248], [0.003256051102653146, 1.0924586057662964]], "lstm.weight_hh_l0": [[-0.0031311456114053726, 0.07958171516656876, -0.06219347566366196, 0.1960078775882721, 0.22728762030601501, 0.02630756050348282, 0.0053102318197488785, 0.015472465194761753], [0.036489587277173996, -0.03359375149011612, -0.08224859833717346, 0.19019778072834015, 0.0604218989610672, -0.07501077651977539, -0.0040202634409070015, 0.08055070787668228], [-0.009823368862271309, 0.039847515523433685, 0.030223935842514038, 0.11113202571868896, 0.19877833127975464, 0.0604512058198452, -0.0006134084542281926, -0.06116275489330292], [0.04971982538700104, 0.057521283626556396, -0.048820409923791885, 0.03850879147648811, -0.05176224559545517, -0.07985520362854004, 0.0130178676918149, 0.037522587925195694], [-0.054215628653764725, 0.03390828147530556, -0.049376480281353, -0.08886869251728058, 0.04981883987784386, 0.10389493405818939, -0.005810731090605259, -0.08506424725055695], [-0.08126633614301682, 0.19115802645683289, -0.18327800929546356, -0.25671249628067017, -0.22933419048786163, 0.02954782545566559, 0.0042892987839877605, 0.007539509329944849], [0.05102824047207832, -0.15928325057029724, 0.20648148655891418, 0.46890780329704285, 0.47490596771240234, 0.01378792803734541, 0.00018197466852143407, -0.01125226728618145], [0.11697424203157425, -0.2945951223373413, 0.30224573612213135, 1.1712119579315186, 1.233991026878357, 0.0036703513469547033, 0.023154113441705704, 0.06290914863348007], [-0.05079685151576996, -0.11867547035217285, 0.028608696535229683, -0.014502180740237236, 0.03262060880661011, 0.021974049508571625, -0.0020505478605628014, 0.1055874153971672], [0.04600437730550766, -0.024633927270770073, -0.022261815145611763, 0.13901646435260773, 0.10979782044887543, -0.06647688150405884, 0.02749859169125557, 0.13660933077335358], [0.04690639674663544, 0.03731905668973923, 0.09230398386716843, 0.1896774172782898, 0.16861282289028168, 0.07527439296245575, -0.04993216320872307, -0.14244133234024048], [0.15801510214805603, 0.13171224296092987, 0.35706114768981934, 0.08747736364603043, 0.21863532066345215, -0.0379597432911396, -0.020532038062810898, -0.038367077708244324], [-0.07153142988681793, -0.3587029278278351, -0.021591821685433388, 0.23707084357738495, 0.13687923550605774, 0.058330386877059937, -0.0635187178850174, 0.004676965065300465], [-0.012977685779333115, 0.1082824170589447, -0.017934616655111313, -0.2226974368095398, -0.11008945107460022, 0.022787073627114296, 0.031049104407429695, -0.07436362653970718], [0.0629003494977951, -0.02797430008649826, 0.14100022614002228, 0.5309741497039795, 0.4481804668903351, 0.01657390035688877, -0.0418156236410141, -0.011828062124550343], [0.08254798501729965, -0.1743510514497757, 0.15004660189151764, 0.2943122386932373, 0.3145540952682495, -0.11550473421812057, 0.07328248023986816, 0.03784063085913658], [-0.9445022940635681, -0.00020088227756787091, 0.19573195278644562, 0.6972552537918091, -0.5192268490791321, -0.03313387185335159, 1.2585960626602173, -0.874283492565155], [0.273946076631546, 0.24656973779201508, -0.396486759185791, -0.3044615387916565, 0.04587007313966751, -0.28684255480766296, 0.3062599003314972, -0.6514562964439392], [0.4464973211288452, -0.25753962993621826, 0.19295530021190643, -0.06026794761419296, 0.4608996510505676, -0.2126026153564453, 0.24773946404457092, -0.49522072076797485], [-0.0012953029945492744, 0.24884255230426788, 0.3468075096607208, -0.04319051653146744, 0.22615763545036316, 0.14967463910579681, -0.9992058277130127, 0.7313370704650879], [0.0679943636059761, -0.4562031030654907, -0.21851713955402374, 0.12870699167251587, -0.011864669620990753, -0.08442989736795425, 1.0229532718658447, -0.6087415814399719], [-0.15023842453956604, 0.13475950062274933, 0.12787063419818878, -0.23233401775360107, 0.22634413838386536, 0.27409327030181885, 0.13043202459812164, -0.8415141701698303], [-0.4155167043209076, 0.10175513476133347, 0.18272219598293304, 0.14193861186504364, -0.1461949199438095, -0.4621798098087311, 0.6854435801506042, -0.0006375465309247375], [1.3374133110046387, -0.12086132168769836, -0.31654679775238037, -0.6351308822631836, 0.5057099461555481, 0.41300323605537415, -1.4300645589828491, 1.0677006244659424], [0.019373655319213867, 0.050533924251794815, -0.051067739725112915, 0.24248142540454865, 0.29533669352531433, 0.015343242324888706, 0.013584880158305168, 0.009208579547703266], [0.04539426416158676, -0.042907267808914185, -0.05687617510557175, 0.1729358285665512, 0.13656514883041382, -0.04261789843440056, 0.028149686753749847, 0.11990515142679214], [-0.027258358895778656, 0.024176355451345444, 0.06359797716140747, 0.17854158580303192, 0.21745753288269043, 0.03726467862725258, -0.009371619671583176, -0.11450479924678802], [-0.03620537370443344, 0.09569970518350601, 0.03238855302333832, 0.09925764799118042, 0.07213953882455826, -0.02612512744963169, 0.0033727483823895454, 0.06851321458816528], [0.041234590113162994, 0.004629164002835751, -0.05916593223810196, 0.01684270054101944, 0.11651317775249481, 0.06390411406755447, 0.0006418356788344681, -0.09367132931947708], [-0.050312142819166183, 0.17469556629657745, -0.15519839525222778, -0.27600011229515076, -0.2784312069416046, 0.02540639042854309, -0.0025997303891927004, -0.05301174893975258], [0.12505368888378143, -0.48803314566612244, 0.5177232623100281, 0.8048493266105652, 0.8103672862052917, -0.001221341546624899, 0.01598576456308365, -0.039086952805519104], [0.060271576046943665, 0.022648438811302185, 0.07906628400087357, 0.7768121361732483, 0.7845232486724854, 0.015850825235247612, -0.02551766112446785, 0.08167693018913269]], "lstm.bias_ih_l0": [0.6046012043952942, 0.31572750210762024, 0.2558175325393677, 0.5448776483535767, 0.5390699505805969, 0.18926192820072174, 0.5253176689147949, 0.05713707581162453, -0.22265182435512543, 0.08451206237077713, 0.09196631610393524, 0.28195470571517944, 0.24800945818424225, 0.1010015457868576, -0.36657243967056274, -0.4779459834098816, -0.005938459653407335, 0.28716281056404114, -0.2707633972167969, -0.18732725083827972, -0.1856616586446762, -0.008451050147414207, -0.012528795748949051, -0.016500672325491905, 0.6233329772949219, 0.2705274522304535, 0.23733848333358765, 0.7043007016181946, 0.6837186217308044, 0.12841494381427765, 0.12829318642616272, 0.3175867795944214],